,USD,EUR,JPY,GBP,CHF,CAD,AUD,NZD
USD,0.0,-0.07910688531296792,5.001934215935238,-0.25791206040701625,-0.12415831462978821,0.36410477426485055,0.4663463253423878,0.5579172312998412
EUR,0.07910688531296792,0.0,5.081041101248206,-0.17880517509404834,-0.045051429316820296,0.4432116595778185,0.5454532106553557,0.6370241166128091
JPY,-5.001934215935238,-5.081041101248206,0.0,-5.259846276342254,-5.1260925305650265,-4.637829441670387,-4.535587890592851,-4.444016984635397
GBP,0.25791206040701625,0.17880517509404834,5.259846276342254,0.0,0.13375374577722804,0.6220168346718669,0.724258385749404,0.8158292917068575
CHF,0.12415831462978821,0.045051429316820296,5.1260925305650265,-0.13375374577722804,0.0,0.48826308889463876,0.5905046399721761,0.6820755459296294
CAD,-0.36410477426485055,-0.4432116595778185,4.637829441670387,-0.6220168346718669,-0.48826308889463876,0.0,0.10224155107753724,0.19381245703499062
AUD,-0.4663463253423878,-0.5454532106553557,4.535587890592851,-0.724258385749404,-0.5905046399721761,-0.10224155107753724,0.0,0.09157090595745337
NZD,-0.5579172312998412,-0.6370241166128091,4.444016984635397,-0.8158292917068575,-0.6820755459296294,-0.19381245703499062,-0.09157090595745337,0.0
